{"accuracy":{"0":0.6515321732,"1":0.6823631525,"2":0.6898283362,"3":0.6930666566,"4":0.6939217448,"5":0.6968325973,"6":0.6989793777,"7":0.6986700892,"8":0.6994948387,"9":0.7010352015,"10":0.7017325759,"11":0.7026847005,"12":0.7029029727,"13":0.7029454112,"14":0.7037338018,"15":0.7046555877,"16":0.7050315738,"17":0.705080092,"18":0.7061595321,"19":0.7054803371,"20":0.7065779567,"21":0.7062080503,"22":0.7073117495,"23":0.7069782019,"24":0.7070813179,"25":0.7073056698,"26":0.7076028585,"27":0.7076573968,"28":0.7080637217,"29":0.7085670829},"loss":{"0":1.2340818644,"1":1.1106182337,"2":1.079885602,"3":1.0684753656,"4":1.0640028715,"5":1.0567299128,"6":1.0465167761,"7":1.0476106405,"8":1.0463318825,"9":1.0412895679,"10":1.0368322134,"11":1.0338863134,"12":1.0319551229,"13":1.0326634645,"14":1.0295865536,"15":1.0272302628,"16":1.0261249542,"17":1.0227410793,"18":1.0220469236,"19":1.0211840868,"20":1.020408988,"21":1.0192643404,"22":1.0184806585,"23":1.0176261663,"24":1.0176843405,"25":1.0172683001,"26":1.0154312849,"27":1.0133731365,"28":1.0137400627,"29":1.0126478672},"val_accuracy":{"0":0.641253233,"1":0.6211261749,"2":0.6218536496,"3":0.6206896305,"4":0.6701101065,"5":0.6894854307,"6":0.6931955814,"7":0.6243513227,"8":0.6976332664,"9":0.6425869465,"10":0.689388454,"11":0.6100198627,"12":0.6758814454,"13":0.6916193962,"14":0.6938260794,"15":0.685120523,"16":0.7100247145,"17":0.7099762559,"18":0.6953295469,"19":0.6495950222,"20":0.6785731316,"21":0.7046656013,"22":0.6840535402,"23":0.7041078806,"24":0.7038896084,"25":0.7142198682,"26":0.7075513005,"27":0.7117707133,"28":0.7031378746,"29":0.7019011378},"val_loss":{"0":1.2308501005,"1":1.292178154,"2":1.2761062384,"3":1.2522426844,"4":1.136426568,"5":1.0756402016,"6":1.064065814,"7":1.355232954,"8":1.0680507421,"9":1.2067792416,"10":1.0665489435,"11":1.2994925976,"12":1.1230353117,"13":1.0590449572,"14":1.0636777878,"15":1.0839215517,"16":1.0186325312,"17":1.0227714777,"18":1.0463693142,"19":1.2049179077,"20":1.1204051971,"21":1.0277174711,"22":1.0902438164,"23":1.0303170681,"24":1.0275130272,"25":1.0027104616,"26":1.0213195086,"27":1.0081880093,"28":1.0310301781,"29":1.0343853235}}