{"label":{"0":"A","1":"B","2":"C","3":"D","4":"E","5":"F","6":"G","7":"H","8":"I","9":"J","10":"K","11":"L","12":"M","13":"N","14":"O","15":"P","16":"Q","17":"R","18":"S","19":"T","20":"U","21":"V","22":"W","23":"X","24":"Y","25":"Z"},"correct":{"0":1049,"1":1224,"2":909,"3":1176,"4":1059,"5":1493,"6":1164,"7":1156,"8":1040,"9":1108,"10":1329,"11":1312,"12":746,"13":1512,"14":1058,"15":920,"16":959,"17":1188,"18":983,"19":1014,"20":984,"21":1157,"22":1198,"23":956,"24":1202,"25":1049},"incorrect":{"0":643,"1":438,"2":721,"3":350,"4":490,"5":114,"6":405,"7":426,"8":551,"9":393,"10":247,"11":276,"12":834,"13":75,"14":570,"15":601,"16":632,"17":417,"18":639,"19":597,"20":621,"21":363,"22":360,"23":663,"24":434,"25":433},"accuracy":{"0":0.6199763593,"1":0.7364620939,"2":0.5576687117,"3":0.7706422018,"4":0.6836668819,"5":0.9290603609,"6":0.741873805,"7":0.7307206068,"8":0.6536769327,"9":0.7381745503,"10":0.8432741117,"11":0.8261964736,"12":0.4721518987,"13":0.9527410208,"14":0.6498771499,"15":0.6048652202,"16":0.6027655563,"17":0.7401869159,"18":0.6060419236,"19":0.6294227188,"20":0.6130841121,"21":0.7611842105,"22":0.7689345315,"23":0.5904879555,"24":0.7347188264,"25":0.7078272605}}